Distributor Code,Distributor Name,Depot Name,Original Delivery,Original Delivery Day,Original Modified,Original Modified Day,Reason,Raised By
10020,DELHIVERY PRIVATE LIMITED,D673 - Bangalore,11/09/2023,Monday,NA,,Normal PDP,
10022,B.M.TRADERS,D117 - Zirakpur,11/09/2023,Monday,NA,,Normal PDP,
10025,SRI VENKATESWARA AGENCIES,D676 - Coimbatore,11/09/2023,Monday,NA,,Normal PDP,
10053,M/S Narayanji Devkaran,D248 - Nagpur II,11/09/2023,Monday,NA,,Normal PDP,
10054,MOOL CHAN MITTHA LAL,D314 - Jaipur,11/09/2023,Monday,NA,,Normal PDP,
10071,ATCHAYA MARKETING COMPANY -MT,D676 - Coimbatore,11/09/2023,Monday,NA,,Normal PDP,
10091,VEL R S PETROPRODUCTS,D674 - Chennai,11/09/2023,Monday,NA,,Normal PDP,
10130,R. N. DISTRIBUTION HUB,D461 - Pune,11/09/2023,Monday,NA,,Normal PDP,
10180,ANNAI AGENCIES,D674 - Chennai,11/09/2023,Monday,NA,,Normal PDP,
10437,SRI VIJAY AGENCIES,D572 - Vijaywada,11/09/2023,Monday,NA,,Normal PDP,
1050,TALWAR BROTHERS,D464 - Indore,11/09/2023,Monday,NA,,Normal PDP,
10507,NARENDRA TRADERS,D461 - Pune,11/09/2023,Monday,NA,,Normal PDP,
10598,VARADARAJAM AGENCIES,D572 - Vijaywada,11/09/2023,Monday,NA,,Normal PDP,
106,K.C.D,D231 - Kolkata 1,11/09/2023,Monday,NA,,Normal PDP,
10622,ANVI MARKETING,D673 - Bangalore,11/09/2023,Monday,NA,,Normal PDP,
10634,GLAIM ASSOCIATES LLP,D674 - Chennai,11/09/2023,Monday,NA,,Normal PDP,
10692,VARA LAKSHMI AGENCIES,D572 - Vijaywada,11/09/2023,Monday,NA,,Normal PDP,
10729,RATAN SALES ENTERPRISES ,D248 - Nagpur II,11/09/2023,Monday,NA,,Normal PDP,
10733,GIRIRAJ TRADE LINK,D248 - Nagpur II,11/09/2023,Monday,NA,,Normal PDP,
10740,GOLDEN ENTERPRISE,D231 - Kolkata 1,11/09/2023,Monday,NA,,Normal PDP,
10755,PRIYAVARDHINI AGENCIES,D530 - Hyderabad,11/09/2023,Monday,NA,,Normal PDP,
10768,Jindal Agencies,D314 - Jaipur,11/09/2023,Monday,NA,,Normal PDP,
1080,PRAMOD TRADING COMPANY,D113 - Kanpur,11/09/2023,Monday,NA,,Normal PDP,
10810,M/S VAISHNO TRADE AGENCY,D236 - Guwahati,11/09/2023,Monday,NA,,Normal PDP,
10815,DEV ENTERPRISES,D113 - Kanpur,11/09/2023,Monday,NA,,Normal PDP,
10819,M/S SUPRIYA AGENCIES,D530 - Hyderabad,11/09/2023,Monday,NA,,Normal PDP,
10832,Hindustan Agencies,D535 - Cuttack,11/09/2023,Monday,NA,,Normal PDP,
10846,ADITHYA AGENCIES,D572 - Vijaywada,11/09/2023,Monday,NA,,Normal PDP,
10910,K.N.B. ENTERPRISES,D234 - Ranchi,11/09/2023,Monday,NA,,Normal PDP,
10911, CONNECT FAST,D248 - Nagpur II,11/09/2023,Monday,NA,,Normal PDP,
10922,SHREE GANESH ENTERPRISES,D233 - Patna,11/09/2023,Monday,NA,,Normal PDP,
10923,BHUMI MARKETING,D3A4 - Solapur,11/09/2023,Monday,NA,,Normal PDP,
10924,OS CREATIVES,D356 - Bhiwandi 2,11/09/2023,Monday,NA,,Normal PDP,
1105,KEDARNATH RAMJI PRASAD,D113 - Kanpur,11/09/2023,Monday,NA,,Normal PDP,
11238,SRI SASTHA AGENCIES,D674 - Chennai,11/09/2023,Monday,NA,,Normal PDP,
11412,Maa Samleswari Agencies,D535 - Cuttack,11/09/2023,Monday,NA,,Normal PDP,
11484,PANDA ENTERPRISE,D231 - Kolkata 1,11/09/2023,Monday,NA,,Normal PDP,
11490,UNIQUE SALES ORGANISATION,D231 - Kolkata 1,11/09/2023,Monday,NA,,Normal PDP,
11562,AHMAD GENERAL STORES,D356 - Bhiwandi 2,11/09/2023,Monday,NA,,Normal PDP,
11567,K.D.ENTERPRISE,D231 - Kolkata 1,11/09/2023,Monday,NA,,Normal PDP,
11573,PC ENTERPRISES,D112 - Ghaziabad,11/09/2023,Monday,NA,,Normal PDP,
11574,LYNKS LOGISTICS LIMITED,D674 - Chennai,11/09/2023,Monday,NA,,Normal PDP,
11643,AVONE ZARDA STORES,D461 - Pune,11/09/2023,Monday,NA,,Normal PDP,
11681,ROCKET SALES GROUP,D231 - Kolkata 1,11/09/2023,Monday,NA,,Normal PDP,
11716,SHUBH SALES,D115 - Rothak,11/09/2023,Monday,NA,,Normal PDP,
11849,Sham Enterprise,D354 - Ahmedabad,11/09/2023,Monday,NA,,Normal PDP,
11875,PRIDE DISTRIBUTORS PRIVATE LTD (MT),D463 - Nagpur,11/09/2023,Monday,NA,,Normal PDP,
11885,LYNKS LOGISTICS LIMITED,D530 - Hyderabad,11/09/2023,Monday,NA,,Normal PDP,
11897,MARENA,D231 - Kolkata 1,11/09/2023,Monday,NA,,Normal PDP,
11923,V.M. MARKETING,D464 - Indore,11/09/2023,Monday,NA,,Normal PDP,
11930,AKG ASSOCIATES,D115 - Rothak,11/09/2023,Monday,NA,,Normal PDP,
11935,LYNKS LOGISTICS LIMITED,D356 - Bhiwandi 2,11/09/2023,Monday,NA,,Normal PDP,
12002,SHIV SHAKTI ENTERPRISE,D354 - Ahmedabad,11/09/2023,Monday,NA,,Normal PDP,
12027,COSME MATIAS MENEZES PVT.LTD.,D677 - Hubli,11/09/2023,Monday,NA,,Normal PDP,
12112,RAM DISTRIBUTORS,D314 - Jaipur,11/09/2023,Monday,NA,,Normal PDP,
12129,SHUBHLAXMI SALES CORPORATION,D354 - Ahmedabad,11/09/2023,Monday,NA,,Normal PDP,
12141,KWALITY ASSOCIATES,D231 - Kolkata 1,11/09/2023,Monday,NA,,Normal PDP,
12163,FRIENDS TRADING COMPANY,D115 - Rothak,11/09/2023,Monday,NA,,Normal PDP,
12246,DROPSHOPNETWORK PRIVATE LIMITED,D673 - Bangalore,11/09/2023,Monday,NA,,Normal PDP,
12351,LYNKS LOGISTICS LIMITED (P),D356 - Bhiwandi 2,11/09/2023,Monday,NA,,Normal PDP,
12381,Bhagwati Traders,D115 - Rothak,11/09/2023,Monday,NA,,Normal PDP,
12399,M/S PRIME WEST MARKETING,D113 - Kanpur,11/09/2023,Monday,NA,,Normal PDP,
12424,S.L.V.MARKETING,D673 - Bangalore,11/09/2023,Monday,NA,,Normal PDP,
12429,AVI SALES PROMOTERS,D117 - Zirakpur,11/09/2023,Monday,NA,,Normal PDP,
12435,M/S PRIME WEST MARKETING,D113 - Kanpur,11/09/2023,Monday,NA,,Normal PDP,
12450,S S AGENCIES,D676 - Coimbatore,11/09/2023,Monday,NA,,Normal PDP,
12490,BROTHER ENTERPRISES,D117 - Zirakpur,11/09/2023,Monday,NA,,Normal PDP,
12529,GLAIM ASSOCIATES LLP,D674 - Chennai,11/09/2023,Monday,NA,,Normal PDP,
12551,LYNKS LOGISTICS LIMITED,D354 - Ahmedabad,11/09/2023,Monday,NA,,Normal PDP,
12563,JAI DURGA ELECTRICALS,D117 - Zirakpur,11/09/2023,Monday,NA,,Normal PDP,
12619,AAKASH ENTERPRISE,D354 - Ahmedabad,11/09/2023,Monday,NA,,Normal PDP,
12620,M/s Baijnath Trading Company,D113 - Kanpur,11/09/2023,Monday,NA,,Normal PDP,
12832,LOKENATH ENTERPRISE,D231 - Kolkata 1,11/09/2023,Monday,NA,,Normal PDP,
12843,B G S Enterprises,D673 - Bangalore,11/09/2023,Monday,NA,,Normal PDP,
12869,TRADELINK DISTRIBUTION,D356 - Bhiwandi 2,11/09/2023,Monday,NA,,Normal PDP,
12883,DN & SONS,D115 - Rothak,11/09/2023,Monday,NA,,Normal PDP,
12884,M/S SINGHAL ENTERPRISES,D112 - Ghaziabad,11/09/2023,Monday,NA,,Normal PDP,
12910,AYRA AGENCIES,D113 - Kanpur,11/09/2023,Monday,NA,,Normal PDP,
12957,SHREE LAKSHMI DISTRIBUTORS,D314 - Jaipur,11/09/2023,Monday,NA,,Normal PDP,
12966,Man Distributors,D464 - Indore,11/09/2023,Monday,NA,,Normal PDP,
13023,ACHIN SADHUKHA & SONS,D231 - Kolkata 1,11/09/2023,Monday,NA,,Normal PDP,
13024,M.S. AGENCIES,D530 - Hyderabad,11/09/2023,Monday,NA,,Normal PDP,
13028,SHRI SAI TRADERS,D461 - Pune,11/09/2023,Monday,NA,,Normal PDP,
13098,YLN AGENCIES,D530 - Hyderabad,11/09/2023,Monday,NA,,Normal PDP,
13105,EKTA KIRANA AND GENRAL STORES,D248 - Nagpur II,11/09/2023,Monday,NA,,Normal PDP,
13126,VAIDYANTI ENTERPRISES,D463 - Nagpur,11/09/2023,Monday,NA,,Normal PDP,
13155,M/S. PRIDE MARKETING,D463 - Nagpur,11/09/2023,Monday,NA,,Normal PDP,
13156,M/S. PRIDE MARKETING(SD),D463 - Nagpur,11/09/2023,Monday,NA,,Normal PDP,
13165,M/S SAKSHI AGENCIES,D463 - Nagpur,11/09/2023,Monday,NA,,Normal PDP,
13169,BUBUNA DISTRIBUTERS,D535 - Cuttack,11/09/2023,Monday,NA,,Normal PDP,
13171,LAMBA AGENCY,D248 - Nagpur II,11/09/2023,Monday,NA,,Normal PDP,
13172,MANISH ENTERPRISES,D248 - Nagpur II,11/09/2023,Monday,NA,,Normal PDP,
13177,M/S AGENCY CENTER,D314 - Jaipur,11/09/2023,Monday,NA,,Normal PDP,
13178,KARAN TRADERS,D463 - Nagpur,11/09/2023,Monday,NA,,Normal PDP,
13188,SAWARIYA FUTUREWORKS LIMITED,D461 - Pune,11/09/2023,Monday,NA,,Normal PDP,
13201,M/S VIJAY TRADERS,D113 - Kanpur,11/09/2023,Monday,NA,,Normal PDP,
13206,TIRUPATI BALAJEE,D233 - Patna,11/09/2023,Monday,NA,,Normal PDP,
13208,SHANKAR HARI MADHAV AND SONS,D112 - Ghaziabad,11/09/2023,Monday,NA,,Normal PDP,
13209,A A ENTERPRISES,D115 - Rothak,11/09/2023,Monday,NA,,Normal PDP,
13252,Ntex transportation,D464 - Indore,11/09/2023,Monday,NA,,Normal PDP,
13315,MA MANSA TRADING CO,D115 - Rothak,11/09/2023,Monday,NA,,Normal PDP,
13372,SHREE BROTHERS,D112 - Ghaziabad,11/09/2023,Monday,NA,,Normal PDP,
13375,VRUSHABH AGENCIES,D3A4 - Solapur,11/09/2023,Monday,NA,,Normal PDP,
13407,BHAWANI BHANDAR,D233 - Patna,11/09/2023,Monday,NA,,Normal PDP,
13409,N.K.TRADERS,D314 - Jaipur,11/09/2023,Monday,NA,,Normal PDP,
13452,TOUCHSTONE SERVICES PRIVATE,D248 - Nagpur II,11/09/2023,Monday,NA,,Normal PDP,
13457,PASHUPATINATH AGENCIES,D463 - Nagpur,11/09/2023,Monday,NA,,Normal PDP,
13478,LYNKS LOGISTICS LIMITED,D115 - Rothak,11/09/2023,Monday,NA,,Normal PDP,
13496,ABHISHEK TRADING COMPANY (SD),D314 - Jaipur,11/09/2023,Monday,NA,,Normal PDP,
135,J.K. AGENCIES,D233 - Patna,11/09/2023,Monday,NA,,Normal PDP,
13533,Retail Solutions,D3A4 - Solapur,11/09/2023,Monday,NA,,Normal PDP,
13536,LYNKS LOGISTICS LIMITED (J),D356 - Bhiwandi 2,11/09/2023,Monday,NA,,Normal PDP,
13580,NAVDURGA KIRANA,D233 - Patna,11/09/2023,Monday,NA,,Normal PDP,
13590,ABDUL HUSEN ADAMJI,D248 - Nagpur II,11/09/2023,Monday,NA,,Normal PDP,
13591,A and S ENTERPRISES,D117 - Zirakpur,11/09/2023,Monday,NA,,Normal PDP,
13592,A and S Enterprises,D117 - Zirakpur,11/09/2023,Monday,NA,,Normal PDP,
13593,Modi Enterprises,D248 - Nagpur II,11/09/2023,Monday,NA,,Normal PDP,
13602,GUNJAN TRADING COMPANY,D356 - Bhiwandi 2,11/09/2023,Monday,NA,,Normal PDP,
13698,J J COMPANY,D314 - Jaipur,11/09/2023,Monday,NA,,Normal PDP,
13718,SWASTIK ENTERPRISES,D535 - Cuttack,11/09/2023,Monday,NA,,Normal PDP,
13737,Geeta Traders,D231 - Kolkata 1,11/09/2023,Monday,NA,,Normal PDP,
13820,N.V. ENTERPRISES,D314 - Jaipur,11/09/2023,Monday,NA,,Normal PDP,
13821,ABM ASSOCIATES,D236 - Guwahati,11/09/2023,Monday,NA,,Normal PDP,
13851,NTEX TRANSPORTATION SERVICES PVT.LT,D354 - Ahmedabad,11/09/2023,Monday,NA,,Normal PDP,
13861,VISHNU DISTRIBUTORS,D461 - Pune,11/09/2023,Monday,NA,,Normal PDP,
13906,YLN Agencies,D530 - Hyderabad,11/09/2023,Monday,NA,,Normal PDP,
13907,Lynks Logistics Limited,D231 - Kolkata 1,11/09/2023,Monday,NA,,Normal PDP,
13912,KAMALA TRADERS,D234 - Ranchi,11/09/2023,Monday,NA,,Normal PDP,
13927,JAYANTH MARKETINGS,D673 - Bangalore,11/09/2023,Monday,NA,,Normal PDP,
13932,SHREEKHETRA ENTERPRISES,D535 - Cuttack,11/09/2023,Monday,NA,,Normal PDP,
1417,JIVRAJ HIRACHAND GANDHI & SONS,D3A4 - Solapur,11/09/2023,Monday,NA,,Normal PDP,
1426,SEEMA VARITIES STORES,D3A4 - Solapur,11/09/2023,Monday,NA,,Normal PDP,
1441,SRI VYJAYANTHI MARKETING(SD),D572 - Vijaywada,11/09/2023,Monday,NA,,Normal PDP,
1446,CHABRA MEDICAL AGENCIES,D117 - Zirakpur,11/09/2023,Monday,NA,,Normal PDP,
1467,MALLYA TRADERS,D676 - Coimbatore,11/09/2023,Monday,NA,,Normal PDP,
1535,Mamoni Enterprise.,D231 - Kolkata 1,11/09/2023,Monday,NA,,Normal PDP,
1594,PRAKASH & SONS(SD),D464 - Indore,11/09/2023,Monday,NA,,Normal PDP,
1647,SHUBHLAXMI SALES CORPORATION,D464 - Indore,11/09/2023,Monday,NA,,Normal PDP,
173,AMAN TRADERS,D234 - Ranchi,11/09/2023,Monday,NA,,Normal PDP,
1814,LAKSHMI AGENCIES ( Satanapalli ),D572 - Vijaywada,11/09/2023,Monday,NA,,Normal PDP,
1826,SANDEEP TRADERS,D464 - Indore,11/09/2023,Monday,NA,,Normal PDP,
1857,M.G.TRADING COMPANY,D314 - Jaipur,11/09/2023,Monday,NA,,Normal PDP,
187,RAMAKRISHNA AGENCIES,D572 - Vijaywada,11/09/2023,Monday,NA,,Normal PDP,
192,SRI KALYANI ENTERPRISES,D572 - Vijaywada,11/09/2023,Monday,NA,,Normal PDP,
203,KRISHNA KISHORE AGENCIES,D572 - Vijaywada,11/09/2023,Monday,NA,,Normal PDP,
206,GOWTHAMI AGENCIES,D572 - Vijaywada,11/09/2023,Monday,NA,,Normal PDP,
2071,"POOJA DISTRIBUTORS,",D356 - Bhiwandi 2,11/09/2023,Monday,NA,,Normal PDP,
2115,SRI TIRUMALA GENERAL & FANCY STORES,D530 - Hyderabad,11/09/2023,Monday,NA,,Normal PDP,
2225,H.L .AGARWAL & SONS,D248 - Nagpur II,11/09/2023,Monday,NA,,Normal PDP,
2252,SMRUTHI SALES,D673 - Bangalore,11/09/2023,Monday,NA,,Normal PDP,
2266,PUNJAB ENTERPRISES,D117 - Zirakpur,11/09/2023,Monday,NA,,Normal PDP,
2299,MAJEED ASSOCIATES,D676 - Coimbatore,11/09/2023,Monday,NA,,Normal PDP,
2376,SURABHI ASSOCIATES,D673 - Bangalore,11/09/2023,Monday,NA,,Normal PDP,
2405,M/s Harsha Agencies,D674 - Chennai,11/09/2023,Monday,NA,,Normal PDP,
2443,KRISHNA SALES AGENCY,D354 - Ahmedabad,11/09/2023,Monday,NA,,Normal PDP,
2541,SRI SRINIVASA AGENCIES,D530 - Hyderabad,11/09/2023,Monday,NA,,Normal PDP,
2578,DILEEP TRADERS,D314 - Jaipur,11/09/2023,Monday,NA,,Normal PDP,
2604,R. G. TRADERS,D248 - Nagpur II,11/09/2023,Monday,NA,,Normal PDP,
2639,M.S. AGENCIES,D530 - Hyderabad,11/09/2023,Monday,NA,,Normal PDP,
2667,FRIENDS ENTERPRISES,D535 - Cuttack,11/09/2023,Monday,NA,,Normal PDP,
289,R.K.AGENCIES,D117 - Zirakpur,11/09/2023,Monday,NA,,Normal PDP,
2903,ANAND SALES CORPORATION,D233 - Patna,11/09/2023,Monday,NA,,Normal PDP,
291,MAHAJAN ENTERPRISES,D117 - Zirakpur,11/09/2023,Monday,NA,,Normal PDP,
3083,M/S SUBHAM AGENCY PVT LTD,D236 - Guwahati,11/09/2023,Monday,NA,,Normal PDP,
3151,Patchipulusu Samba Murty & Sons,D572 - Vijaywada,11/09/2023,Monday,NA,,Normal PDP,
3154,Shree Veerabhadreshwra Marketing,D677 - Hubli,11/09/2023,Monday,NA,,Normal PDP,
325,BAJRANG AGENCIES,D248 - Nagpur II,11/09/2023,Monday,NA,,Normal PDP,
3271,Pals Distributors,D676 - Coimbatore,11/09/2023,Monday,NA,,Normal PDP,
3287,Thettayil Marketing,D676 - Coimbatore,11/09/2023,Monday,NA,,Normal PDP,
3291,B&B Traders,D676 - Coimbatore,11/09/2023,Monday,NA,,Normal PDP,
3323,SHREE BALAJI TRADERS,D117 - Zirakpur,11/09/2023,Monday,NA,,Normal PDP,
3335,V&V TRADERS,D676 - Coimbatore,11/09/2023,Monday,NA,,Normal PDP,
342,PRASHANT DISTRIBUTORS,D461 - Pune,11/09/2023,Monday,NA,,Normal PDP,
3438,GAURI SHANKAR AGENCY,D232 - Siliguri,11/09/2023,Monday,NA,,Normal PDP,
349,SANDEEP TRADING CO.,D3A4 - Solapur,11/09/2023,Monday,NA,,Normal PDP,
3512,SRI MALLIKHARJUNA CORPORATION,D572 - Vijaywada,11/09/2023,Monday,NA,,Normal PDP,
3549,SITANI DISTRIBUTORS,D232 - Siliguri,11/09/2023,Monday,NA,,Normal PDP,
3598,JAY GURU ENTERPRISE,D231 - Kolkata 1,11/09/2023,Monday,NA,,Normal PDP,
361,GODANE BROTHERS,D3A4 - Solapur,11/09/2023,Monday,NA,,Normal PDP,
367,ZELE ASSOCIATES,D3A4 - Solapur,11/09/2023,Monday,NA,,Normal PDP,
3820,Shri Ram Agencies,D677 - Hubli,11/09/2023,Monday,NA,,Normal PDP,
384,SHRI SATYANARAYAN TRADERS,D461 - Pune,11/09/2023,Monday,NA,,Normal PDP,
388,SACHIN AGENCIES,D461 - Pune,11/09/2023,Monday,NA,,Normal PDP,
408,UDHAYAEM TRADERS,D676 - Coimbatore,11/09/2023,Monday,NA,,Normal PDP,
4132,B.L. AGARWALA & SONS,D232 - Siliguri,11/09/2023,Monday,NA,,Normal PDP,
4245,JALARAM JYOT AGENCIES,D356 - Bhiwandi 2,11/09/2023,Monday,NA,,Normal PDP,
4257,YOGI ENTERPRISES,D676 - Coimbatore,11/09/2023,Monday,NA,,Normal PDP,
437,GOVIND AGENCIES,D314 - Jaipur,11/09/2023,Monday,NA,,Normal PDP,
4525,SEASON TRADERS,D676 - Coimbatore,11/09/2023,Monday,NA,,Normal PDP,
4536,PRAHLADRAI VINOD KUMAR,D535 - Cuttack,11/09/2023,Monday,NA,,Normal PDP,
454,MURLIDHAR PEETY & SONS,D314 - Jaipur,11/09/2023,Monday,NA,,Normal PDP,
4621,ALFA TRADERS,D676 - Coimbatore,11/09/2023,Monday,NA,,Normal PDP,
4664,SEEMA AGENCIES,D461 - Pune,11/09/2023,Monday,NA,,Normal PDP,
4668,ABDUL HUSSAIN ADAMJI,D248 - Nagpur II,11/09/2023,Monday,NA,,Normal PDP,
4756,M/s. V.R.N & Co,D676 - Coimbatore,11/09/2023,Monday,NA,,Normal PDP,
4757,4S SALES,D3A4 - Solapur,11/09/2023,Monday,NA,,Normal PDP,
4791,Ramakrishna Agencies,D572 - Vijaywada,11/09/2023,Monday,NA,,Normal PDP,
4831,M/s MAMATHA AGENCIES,D530 - Hyderabad,11/09/2023,Monday,NA,,Normal PDP,
487,MAYUR TRADING COMPANY,D354 - Ahmedabad,11/09/2023,Monday,NA,,Normal PDP,
4870,D N TRADE LINK,D354 - Ahmedabad,11/09/2023,Monday,NA,,Normal PDP,
5088,Haranath Agencies,D572 - Vijaywada,11/09/2023,Monday,NA,,Normal PDP,
511,MANJUNATHA AGENCIES,D673 - Bangalore,11/09/2023,Monday,NA,,Normal PDP,
5112,R.K.Enterprise,D3A4 - Solapur,11/09/2023,Monday,NA,,Normal PDP,
5120,G.K.TRADERS,D115 - Rothak,11/09/2023,Monday,NA,,Normal PDP,
5172,NARULA TRADING CO.,D117 - Zirakpur,11/09/2023,Monday,NA,,Normal PDP,
5191,JAI GANESH AGENCIES,D530 - Hyderabad,11/09/2023,Monday,NA,,Normal PDP,
5333,SRI MAHALAKSHMI AGENCIES,D673 - Bangalore,11/09/2023,Monday,NA,,Normal PDP,
537,ZENITH MARKETING SERVICES,D673 - Bangalore,11/09/2023,Monday,NA,,Normal PDP,
5379,M/S J M AGENCIES,D676 - Coimbatore,11/09/2023,Monday,NA,,Normal PDP,
5383,M/S. SRI SAI AGENCIES,D530 - Hyderabad,11/09/2023,Monday,NA,,Normal PDP,
542,TRADE CENTRE,D676 - Coimbatore,11/09/2023,Monday,NA,,Normal PDP,
5422,KASHI JEET MARKETING PRIVATE LIMITE,D464 - Indore,11/09/2023,Monday,NA,,Normal PDP,
5447,ATCHAYA MARKETING COMPANY,D676 - Coimbatore,11/09/2023,Monday,NA,,Normal PDP,
5477,S.J COMBINES,D676 - Coimbatore,11/09/2023,Monday,NA,,Normal PDP,
5478,GOPINATH SYNDHICATE,D676 - Coimbatore,11/09/2023,Monday,NA,,Normal PDP,
550,BEETA TRADERS & AGENCIES (P) LTD,D676 - Coimbatore,11/09/2023,Monday,NA,,Normal PDP,
552,A.R.P. TRADERS,D676 - Coimbatore,11/09/2023,Monday,NA,,Normal PDP,
5592,SRINIVASA & CO,D676 - Coimbatore,11/09/2023,Monday,NA,,Normal PDP,
5673,Ashavari trading Pvt Ltd.,D231 - Kolkata 1,11/09/2023,Monday,NA,,Normal PDP,
5717,DEV AGENCIES,D530 - Hyderabad,11/09/2023,Monday,NA,,Normal PDP,
572,SRIRAM ASSOCIATE,D676 - Coimbatore,11/09/2023,Monday,NA,,Normal PDP,
5793,GOYAL TRADERS,D231 - Kolkata 1,11/09/2023,Monday,NA,,Normal PDP,
58,LAXMI AGENCIES,D535 - Cuttack,11/09/2023,Monday,NA,,Normal PDP,
5921,Sainath Enterprises,D461 - Pune,11/09/2023,Monday,NA,,Normal PDP,
5952,Maa Vaishno Enterprises,D233 - Patna,11/09/2023,Monday,NA,,Normal PDP,
6032,LAKUMARAPU PANDU RANGAIAH & SONS,D572 - Vijaywada,11/09/2023,Monday,NA,,Normal PDP,
6040,M/S Balaji Luggage,D232 - Siliguri,11/09/2023,Monday,NA,,Normal PDP,
6131,Sri Krishna Agencies,D530 - Hyderabad,11/09/2023,Monday,NA,,Normal PDP,
6156,VIJAY ANAND MOPKAR,D677 - Hubli,11/09/2023,Monday,NA,,Normal PDP,
6207,KHANDELWAL ENTERPRISES,D314 - Jaipur,11/09/2023,Monday,NA,,Normal PDP,
623,M.A.CHINIWALAR & CO.,D677 - Hubli,11/09/2023,Monday,NA,,Normal PDP,
6285,R R STORE,D234 - Ranchi,11/09/2023,Monday,NA,,Normal PDP,
6380,SRI ASHOK AGENCIES,D572 - Vijaywada,11/09/2023,Monday,NA,,Normal PDP,
6480,Ajay Kumar Rahul Kumar Pvt. Ltd,D535 - Cuttack,11/09/2023,Monday,NA,,Normal PDP,
6500,RAJESH TRADERS,D461 - Pune,11/09/2023,Monday,NA,,Normal PDP,
6561,Kailash Agencies,D3A4 - Solapur,11/09/2023,Monday,NA,,Normal PDP,
658,M.N.REDDY AGENCIES,D530 - Hyderabad,11/09/2023,Monday,NA,,Normal PDP,
6653,JEEWAN DHARA AGENCIES,D233 - Patna,11/09/2023,Monday,NA,,Normal PDP,
6775,MALHOTRA ENTERPRISES,D117 - Zirakpur,11/09/2023,Monday,NA,,Normal PDP,
6779,SURABHI ASSOCIATES - MT,D673 - Bangalore,11/09/2023,Monday,NA,,Normal PDP,
6787,S. K. Agency - MT,D464 - Indore,11/09/2023,Monday,NA,,Normal PDP,
6801,M/S SOURAV AGENCY,D234 - Ranchi,11/09/2023,Monday,NA,,Normal PDP,
6812,KASHI JEET MARKETING PVT LTD - MT,D464 - Indore,11/09/2023,Monday,NA,,Normal PDP,
6814,GOVIND AGENCIES - MT,D314 - Jaipur,11/09/2023,Monday,NA,,Normal PDP,
6841,SACHIN AGENCIES - MT,D461 - Pune,11/09/2023,Monday,NA,,Normal PDP,
6853,VEDANT AGENCIES - MT,D677 - Hubli,11/09/2023,Monday,NA,,Normal PDP,
6863,RADHE KRISHNA AGENCIES,D233 - Patna,11/09/2023,Monday,NA,,Normal PDP,
6894,SHREE JPM ENTERPRISES PVT LTD,D117 - Zirakpur,11/09/2023,Monday,NA,,Normal PDP,
6895,West Bengal Trading Agency,D231 - Kolkata 1,11/09/2023,Monday,NA,,Normal PDP,
6983,BASAK BROTHERS,D232 - Siliguri,11/09/2023,Monday,NA,,Normal PDP,
706,RAM KUMAR CHAND RATAN,D236 - Guwahati,11/09/2023,Monday,NA,,Normal PDP,
7065,FRONTIER LOGISTICS,D248 - Nagpur II,11/09/2023,Monday,NA,,Normal PDP,
71,NEWMONIHARI STORES,D535 - Cuttack,11/09/2023,Monday,NA,,Normal PDP,
7333,S M DISTRIBUTORS,D673 - Bangalore,11/09/2023,Monday,NA,,Normal PDP,
7520,Saj Marketing Pvt Ltd,D231 - Kolkata 1,11/09/2023,Monday,NA,,Normal PDP,
7642,ARUN SUHAG BHANDAR,D314 - Jaipur,11/09/2023,Monday,NA,,Normal PDP,
7688,J.B. ENTERPRISES,D117 - Zirakpur,11/09/2023,Monday,NA,,Normal PDP,
7693,WAZIR ALI WAZID ALI,D314 - Jaipur,11/09/2023,Monday,NA,,Normal PDP,
7713,ANIL KUMAR AND CO.,D117 - Zirakpur,11/09/2023,Monday,NA,,Normal PDP,
7730,M/S S.D ENTERPRISE,D231 - Kolkata 1,11/09/2023,Monday,NA,,Normal PDP,
7846,R K MARKETINGS,D673 - Bangalore,11/09/2023,Monday,NA,,Normal PDP,
7853,CLASSIC MARKETING,D673 - Bangalore,11/09/2023,Monday,NA,,Normal PDP,
7895,JEEVAN ENTERPRISES,D461 - Pune,11/09/2023,Monday,NA,,Normal PDP,
7924,JITENDRA TRADERS – MT,D354 - Ahmedabad,11/09/2023,Monday,NA,,Normal PDP,
7937,DHANNAJAY ENTERPRISES,D314 - Jaipur,11/09/2023,Monday,NA,,Normal PDP,
7961,SAMPURNAM ASSOCIATES,D676 - Coimbatore,11/09/2023,Monday,NA,,Normal PDP,
7967,R. G. ENTERPRISES,D535 - Cuttack,11/09/2023,Monday,NA,,Normal PDP,
8047,BHAVIK AGENCIES,D354 - Ahmedabad,11/09/2023,Monday,NA,,Normal PDP,
8052,KANNIKA ENTERPRISES,D673 - Bangalore,11/09/2023,Monday,NA,,Normal PDP,
8102,SARANG ENTERPRISE,D356 - Bhiwandi 2,11/09/2023,Monday,NA,,Normal PDP,
8113,V K SALES,D115 - Rothak,11/09/2023,Monday,NA,,Normal PDP,
8126,LEELA LAHER AGENCIES,D677 - Hubli,11/09/2023,Monday,NA,,Normal PDP,
8184,LAKSHMI SHANMUKA TRADERS,D572 - Vijaywada,11/09/2023,Monday,NA,,Normal PDP,
8189,BUDHIRAJA AGENCIES,D117 - Zirakpur,11/09/2023,Monday,NA,,Normal PDP,
819,SRI VENKATRATNA TRDS.(SD),D572 - Vijaywada,11/09/2023,Monday,NA,,Normal PDP,
8207,SGS Marketing,D236 - Guwahati,11/09/2023,Monday,NA,,Normal PDP,
8254,BHANDARI TRADING CO,D314 - Jaipur,11/09/2023,Monday,NA,,Normal PDP,
8295,Bhandari Trading Company,D314 - Jaipur,11/09/2023,Monday,NA,,Normal PDP,
8344,RG SALES,D115 - Rothak,11/09/2023,Monday,NA,,Normal PDP,
8395,Balaji agency,D354 - Ahmedabad,11/09/2023,Monday,NA,,Normal PDP,
8437,PARASRAM HEERANAND,D314 - Jaipur,11/09/2023,Monday,NA,,Normal PDP,
8470,KRISHNA SALES CORPORATION,D354 - Ahmedabad,11/09/2023,Monday,NA,,Normal PDP,
8488,PRATIMA SANTRA,D231 - Kolkata 1,11/09/2023,Monday,NA,,Normal PDP,
8499,NAVKAR SALES,D354 - Ahmedabad,11/09/2023,Monday,NA,,Normal PDP,
853,PIONEER SOAP HOUSE,D117 - Zirakpur,11/09/2023,Monday,NA,,Normal PDP,
8533,SAINI MARKETING,D572 - Vijaywada,11/09/2023,Monday,NA,,Normal PDP,
855,NAGINA STORES,D117 - Zirakpur,11/09/2023,Monday,NA,,Normal PDP,
8582,SMRUTHI AGRO INNOVATION,D673 - Bangalore,11/09/2023,Monday,NA,,Normal PDP,
8609,M/S MAA DURGA TRADERS,D233 - Patna,11/09/2023,Monday,NA,,Normal PDP,
8679,CHIRAG TRADERS,D354 - Ahmedabad,11/09/2023,Monday,NA,,Normal PDP,
8715,MAA BHAGWATI AGENCIES,D233 - Patna,11/09/2023,Monday,NA,,Normal PDP,
872,A.B.C TRADERS,D117 - Zirakpur,11/09/2023,Monday,NA,,Normal PDP,
8740,VINDHYACHAL TRADELINK,D464 - Indore,11/09/2023,Monday,NA,,Normal PDP,
8749,V.K SALES,D115 - Rothak,11/09/2023,Monday,NA,,Normal PDP,
8752,S D Enterprise,D232 - Siliguri,11/09/2023,Monday,NA,,Normal PDP,
8757,SRINIVASA AND CO.,D676 - Coimbatore,11/09/2023,Monday,NA,,Normal PDP,
8767,SAI SAPTAGIRI ENTERPRISES,D572 - Vijaywada,11/09/2023,Monday,NA,,Normal PDP,
8782,R V MARKETING,D113 - Kanpur,11/09/2023,Monday,NA,,Normal PDP,
8792,Sampurnam Associates MT,D676 - Coimbatore,11/09/2023,Monday,NA,,Normal PDP,
8810,Saini Marketing MT,D572 - Vijaywada,11/09/2023,Monday,NA,,Normal PDP,
8832,M/S MOTICHAND RAOJI GANDHI,D3A4 - Solapur,11/09/2023,Monday,NA,,Normal PDP,
8880,Sri Ashok Agencies MT,D572 - Vijaywada,11/09/2023,Monday,NA,,Normal PDP,
8882,ZAYN SALES PRIVATE LIMITED,D115 - Rothak,11/09/2023,Monday,NA,,Normal PDP,
8885,POONAM AGENCIES,D461 - Pune,11/09/2023,Monday,NA,,Normal PDP,
8895,SWARNADIP ENTERPRISE,D231 - Kolkata 1,11/09/2023,Monday,NA,,Normal PDP,
8907,ABISHEK AGENCY,D676 - Coimbatore,11/09/2023,Monday,NA,,Normal PDP,
8937,M/S CHANDAN AGENCIES,D113 - Kanpur,11/09/2023,Monday,NA,,Normal PDP,
8971,COSME MATIAS MENEZES PVT LTD -SCRUZ,D677 - Hubli,11/09/2023,Monday,NA,,Normal PDP,
8972,COSME MATIAS MENEZES PVT LTD -VERNA,D677 - Hubli,11/09/2023,Monday,NA,,Normal PDP,
9003,M/S Radha Krishna Agencies,D530 - Hyderabad,11/09/2023,Monday,NA,,Normal PDP,
9011,ANGEL CORPORATION,D354 - Ahmedabad,11/09/2023,Monday,NA,,Normal PDP,
911,MANOJ KUMAR BAID & BROTHERS,D236 - Guwahati,11/09/2023,Monday,NA,,Normal PDP,
914, J.K.TRADE &MARKETING,D236 - Guwahati,11/09/2023,Monday,NA,,Normal PDP,
9157,VAISHNAV ENTERPRISES,D463 - Nagpur,11/09/2023,Monday,NA,,Normal PDP,
9180,Srleafs Sales and Marketing PVT LTD,D231 - Kolkata 1,11/09/2023,Monday,NA,,Normal PDP,
9191,POOJA DISTRIBUTORS-MT,D356 - Bhiwandi 2,11/09/2023,Monday,NA,,Normal PDP,
9201,C.L. AGENCY,D236 - Guwahati,11/09/2023,Monday,NA,,Normal PDP,
9291,SHREYA TRADING COMPANY,D112 - Ghaziabad,11/09/2023,Monday,NA,,Normal PDP,
9293,Angel Corporation,D354 - Ahmedabad,11/09/2023,Monday,NA,,Normal PDP,
9317,MAHALAKSHMI MARKETING,D572 - Vijaywada,11/09/2023,Monday,NA,,Normal PDP,
9322,SUNMEX PHARMA,D354 - Ahmedabad,11/09/2023,Monday,NA,,Normal PDP,
9326,ADINATH AGENCIES,D535 - Cuttack,11/09/2023,Monday,NA,,Normal PDP,
9376,A B AGENCIES,D463 - Nagpur,11/09/2023,Monday,NA,,Normal PDP,
9377,VAAGDEVI AGENCIES,D530 - Hyderabad,11/09/2023,Monday,NA,,Normal PDP,
9400,SHREE MAHAVEER DISTRIBUTORS,D356 - Bhiwandi 2,11/09/2023,Monday,NA,,Normal PDP,
9405,ANAND DISTRIBUTORS,D676 - Coimbatore,11/09/2023,Monday,NA,,Normal PDP,
9433,CHIRAG TRADERS (New),D354 - Ahmedabad,11/09/2023,Monday,NA,,Normal PDP,
949,srinivasgdk949@gmail.com,D530 - Hyderabad,11/09/2023,Monday,NA,,Normal PDP,
9491,ARUN SUHAG BHANDAR,D314 - Jaipur,11/09/2023,Monday,NA,,Normal PDP,
9500,SHRI VAASAVI TRADERS,D572 - Vijaywada,11/09/2023,Monday,NA,,Normal PDP,
954,buchanna.sa@gmail.com,D530 - Hyderabad,11/09/2023,Monday,NA,,Normal PDP,
9561,RAJ AGENCIES,D112 - Ghaziabad,11/09/2023,Monday,NA,,Normal PDP,
9574,M/S DEPTI STORE & AGENCY,D236 - Guwahati,11/09/2023,Monday,NA,,Normal PDP,
9639,Pithamber Associates,D674 - Chennai,11/09/2023,Monday,NA,,Normal PDP,
9640,SHRI VAASAVI TRADERS,D572 - Vijaywada,11/09/2023,Monday,NA,,Normal PDP,
9683,PREM AGENCIES,D117 - Zirakpur,11/09/2023,Monday,NA,,Normal PDP,
9686,LOOKENATH BHANDER,D237 - Agartala,11/09/2023,Monday,NA,,Normal PDP,
9693,KNK AGENCIES,D676 - Coimbatore,11/09/2023,Monday,NA,,Normal PDP,
9706,SRI VENKATA LAXMI HANUMAN,D572 - Vijaywada,11/09/2023,Monday,NA,,Normal PDP,
9711,SRI GANESH ENTERPRISES,D674 - Chennai,11/09/2023,Monday,NA,,Normal PDP,
9714,SATISH KUMAR MADAN LAL,D115 - Rothak,11/09/2023,Monday,NA,,Normal PDP,
9765,SRS Enterprises,D673 - Bangalore,11/09/2023,Monday,NA,,Normal PDP,
9775,SAMRIDDHI DISTRIBUTORS,D113 - Kanpur,11/09/2023,Monday,NA,,Normal PDP,
9781,Chawla Enterprises,D117 - Zirakpur,11/09/2023,Monday,NA,,Normal PDP,
9805,Bhagat Sales Corporation,D115 - Rothak,11/09/2023,Monday,NA,,Normal PDP,
9818,Tadikonda Koteswara Rao & Co,D572 - Vijaywada,11/09/2023,Monday,NA,,Normal PDP,
9854,WAYCOOL FOODS AND PRODUCTS PRIVATE LIMITED,D673 - Bangalore,11/09/2023,Monday,NA,,Normal PDP,
99,SOMS NETWORK,D231 - Kolkata 1,11/09/2023,Monday,NA,,Normal PDP,
9934,M/S MONU TRADING COMPANY,D113 - Kanpur,11/09/2023,Monday,NA,,Normal PDP,
9949,UTTAM TRADING CO,D232 - Siliguri,11/09/2023,Monday,NA,,Normal PDP,
9957,MALLIKARJUNA AGENCIES,D530 - Hyderabad,11/09/2023,Monday,NA,,Normal PDP,
9980,S K Traders,D673 - Bangalore,11/09/2023,Monday,NA,,Normal PDP,
9990,VASUDEV ENTERPRISE,D354 - Ahmedabad,11/09/2023,Monday,NA,,Normal PDP,
